Customer_ID,recency,frequency,monetary,recency_score,frequency_score,monetary_score,RFM_SCORE,rfm_segment,segment
15749.0,236,3,44534.3,2,3,5,235,23,at_risk
13902.0,633,5,34095.26,1,4,5,145,14,at_risk
15032.0,257,8,13780.65,2,4,5,245,24,at_risk
14028.0,551,3,10396.5,1,3,5,135,13,at_risk
14439.0,321,5,9443.04,2,4,5,245,24,at_risk
14160.0,611,7,8421.47,1,4,5,145,14,at_risk
15413.0,693,5,6798.72,1,4,5,145,14,at_risk
13734.0,510,4,6695.6900000000005,1,3,5,135,13,at_risk
15332.0,367,6,6553.74,2,4,5,245,24,at_risk
14154.0,240,8,6460.7,2,4,5,245,24,at_risk
13615.0,320,8,6272.53,2,4,5,245,24,at_risk
13935.0,598,3,6116.92,1,3,5,135,13,at_risk
15202.0,421,3,6001.49,1,3,5,135,13,at_risk
14105.0,240,5,5988.83,2,4,5,245,24,at_risk
16546.0,292,5,5606.47,2,4,5,245,24,at_risk
14442.0,206,7,5367.0199999999995,2,4,5,245,24,at_risk
12625.0,213,4,5164.88,2,3,5,235,23,at_risk
17829.0,300,5,4756.74,2,4,5,245,24,at_risk
13958.0,381,8,4709.2300000000005,2,4,5,245,24,at_risk
14685.0,577,8,4536.64,1,4,5,145,14,at_risk
17308.0,394,2,4511.76,2,3,5,235,23,at_risk
17138.0,277,7,4417.27,2,4,5,245,24,at_risk
12967.0,359,3,4306.92,2,3,5,235,23,at_risk
16072.0,289,4,4180.09,2,4,5,245,24,at_risk
14025.0,466,8,4057.9,1,4,5,145,14,at_risk
14817.0,201,7,3959.86,2,4,5,245,24,at_risk
15823.0,373,3,3897.17,2,3,5,235,23,at_risk
13357.0,258,5,3805.5099999999998,2,4,5,245,24,at_risk
16636.0,439,4,3802.04,1,4,5,145,14,at_risk
12623.0,277,7,3747.84,2,4,5,245,24,at_risk
16772.0,424,3,3698.0499999999997,1,3,5,135,13,at_risk
12857.0,212,6,3688.0,2,4,5,245,24,at_risk
14770.0,233,8,3637.64,2,4,5,245,24,at_risk
16718.0,370,5,3612.13,2,4,5,245,24,at_risk
16336.0,422,4,3517.69,1,4,5,145,14,at_risk
17597.0,215,5,3484.09,2,4,5,245,24,at_risk
12377.0,316,4,3426.32,2,3,5,235,23,at_risk
17876.0,401,3,3424.02,2,3,5,235,23,at_risk
13707.0,268,5,3365.86,2,4,5,245,24,at_risk
15538.0,539,6,3358.3999999999996,1,4,5,145,14,at_risk
13786.0,368,6,3358.39,2,4,5,245,24,at_risk
13031.0,408,5,3292.84,2,4,5,245,24,at_risk
14161.0,217,7,3280.08,2,4,5,245,24,at_risk
16067.0,564,3,3269.11,1,3,5,135,13,at_risk
13214.0,419,7,3264.23,1,4,5,145,14,at_risk
15057.0,276,5,3255.96,2,4,5,245,24,at_risk
14669.0,243,7,3216.78,2,4,5,245,24,at_risk
12976.0,213,8,3156.38,2,4,5,245,24,at_risk
15614.0,439,4,3147.36,1,3,5,135,13,at_risk
17145.0,514,4,3120.91,1,4,5,145,14,at_risk
13052.0,213,7,3119.33,2,4,5,245,24,at_risk
15353.0,256,7,3106.12,2,4,5,245,24,at_risk
12754.0,237,3,3010.74,2,3,5,235,23,at_risk
16736.0,507,5,2956.56,1,4,5,145,14,at_risk
15100.0,335,7,2894.7,2,4,4,244,24,at_risk
13501.0,289,3,2885.11,2,3,4,234,23,at_risk
12806.0,436,4,2878.96,1,3,4,134,13,at_risk
16467.0,510,7,2869.16,1,4,4,144,14,at_risk
16163.0,233,6,2849.58,2,4,4,244,24,at_risk
15817.0,422,3,2766.4,1,3,4,134,13,at_risk
16335.0,553,7,2753.52,1,4,4,144,14,at_risk
12982.0,244,8,2744.81,2,4,4,244,24,at_risk
12725.0,372,4,2694.56,2,3,4,234,23,at_risk
14496.0,313,7,2668.23,2,4,4,244,24,at_risk
13819.0,303,6,2642.35,2,4,4,244,24,at_risk
14195.0,203,6,2615.6,2,4,4,244,24,at_risk
14431.0,304,4,2614.2,2,3,4,234,23,at_risk
17465.0,427,7,2542.79,1,4,4,144,14,at_risk
16889.0,196,6,2526.65,2,4,4,244,24,at_risk
12978.0,386,5,2502.82,2,4,4,244,24,at_risk
16795.0,366,3,2477.29,2,3,4,234,23,at_risk
13762.0,220,5,2472.48,2,4,4,244,24,at_risk
15221.0,367,4,2465.4500000000003,2,3,4,234,23,at_risk
13151.0,297,3,2465.21,2,3,4,234,23,at_risk
14256.0,261,5,2460.79,2,4,4,244,24,at_risk
12733.0,235,4,2424.87,2,3,4,234,23,at_risk
15658.0,191,8,2423.4700000000003,2,4,4,244,24,at_risk
16812.0,362,4,2392.0,2,4,4,244,24,at_risk
16105.0,250,5,2386.19,2,4,4,244,24,at_risk
17113.0,575,6,2305.59,1,4,4,144,14,at_risk
15946.0,504,3,2304.18,1,3,4,134,13,at_risk
18095.0,314,5,2303.09,2,4,4,244,24,at_risk
18051.0,635,7,2282.28,1,4,4,144,14,at_risk
15638.0,380,6,2265.2,2,4,4,244,24,at_risk
13407.0,580,3,2244.7,1,3,4,134,13,at_risk
16823.0,228,7,2243.09,2,4,4,244,24,at_risk
15629.0,451,4,2240.9,1,3,4,134,13,at_risk
13478.0,470,5,2215.78,1,4,4,144,14,at_risk
15476.0,381,4,2209.98,2,3,4,234,23,at_risk
15649.0,337,4,2170.35,2,3,4,234,23,at_risk
15944.0,278,4,2164.24,2,3,4,234,23,at_risk
17822.0,421,5,2162.93,1,4,4,144,14,at_risk
16275.0,198,3,2151.11,2,3,4,234,23,at_risk
18239.0,220,6,2150.36,2,4,4,244,24,at_risk
16716.0,268,3,2149.6800000000003,2,3,4,234,23,at_risk
16004.0,476,5,2146.39,1,4,4,144,14,at_risk
13152.0,418,7,2146.38,1,4,4,144,14,at_risk
14634.0,439,4,2124.46,1,3,4,134,13,at_risk
14399.0,395,8,2108.21,2,4,4,244,24,at_risk
12975.0,438,6,2100.09,1,4,4,144,14,at_risk
13753.0,289,4,2094.57,2,3,4,234,23,at_risk
14469.0,417,4,2093.46,1,3,4,134,13,at_risk
14896.0,206,8,2083.2200000000003,2,4,4,244,24,at_risk
18026.0,502,2,2074.07,1,3,4,134,13,at_risk
18258.0,465,6,2059.67,1,4,4,144,14,at_risk
16176.0,422,4,2052.69,1,4,4,144,14,at_risk
13874.0,359,7,2049.15,2,4,4,244,24,at_risk
14000.0,212,5,2046.3400000000001,2,4,4,244,24,at_risk
14988.0,213,7,2038.65,2,4,4,244,24,at_risk
16331.0,433,6,2037.7,1,4,4,144,14,at_risk
14225.0,436,4,2031.07,1,3,4,134,13,at_risk
12873.0,283,3,2027.3,2,3,4,234,23,at_risk
16510.0,373,6,2025.6,2,4,4,244,24,at_risk
13696.0,423,3,2020.4,1,3,4,134,13,at_risk
17152.0,196,4,2016.5,2,4,4,244,24,at_risk
16529.0,191,4,1986.8,2,4,4,244,24,at_risk
12582.0,240,4,1980.4,2,3,4,234,23,at_risk
16032.0,457,6,1965.72,1,4,4,144,14,at_risk
15789.0,359,6,1962.01,2,4,4,244,24,at_risk
16290.0,466,4,1957.7,1,4,4,144,14,at_risk
16993.0,465,2,1950.9499999999998,1,3,4,134,13,at_risk
15425.0,401,4,1941.1200000000001,2,3,4,234,23,at_risk
16619.0,265,4,1938.33,2,4,4,244,24,at_risk
14492.0,431,7,1921.91,1,4,4,144,14,at_risk
18220.0,228,6,1921.76,2,4,4,244,24,at_risk
16692.0,257,4,1914.6999999999998,2,4,4,244,24,at_risk
15248.0,412,3,1893.93,1,3,4,134,13,at_risk
16631.0,483,7,1892.52,1,4,4,144,14,at_risk
15381.0,215,5,1890.5700000000002,2,4,4,244,24,at_risk
14130.0,320,4,1858.77,2,3,4,234,23,at_risk
16917.0,278,2,1851.88,2,3,4,234,23,at_risk
14870.0,263,6,1838.95,2,4,4,244,24,at_risk
16634.0,224,6,1814.61,2,4,4,244,24,at_risk
16797.0,394,5,1802.02,2,4,4,244,24,at_risk
17165.0,285,6,1794.32,2,4,4,244,24,at_risk
12369.0,414,3,1791.15,1,3,4,134,13,at_risk
18214.0,532,4,1780.34,1,4,4,144,14,at_risk
13920.0,433,4,1774.68,1,3,4,134,13,at_risk
16124.0,318,4,1772.49,2,4,4,244,24,at_risk
14850.0,313,7,1770.96,2,4,4,244,24,at_risk
14933.0,445,4,1770.0,1,3,4,134,13,at_risk
15972.0,457,5,1769.33,1,4,4,144,14,at_risk
13648.0,401,8,1764.02,2,4,4,244,24,at_risk
15777.0,242,7,1762.61,2,4,4,244,24,at_risk
16087.0,390,5,1739.92,2,4,4,244,24,at_risk
13531.0,206,6,1738.52,2,4,4,244,24,at_risk
14304.0,224,3,1725.01,2,3,4,234,23,at_risk
13665.0,387,3,1711.6599999999999,2,3,4,234,23,at_risk
15326.0,335,5,1700.52,2,4,4,244,24,at_risk
15911.0,625,8,1700.24,1,4,4,144,14,at_risk
12932.0,540,8,1698.56,1,4,4,144,14,at_risk
13294.0,191,3,1689.53,2,3,4,234,23,at_risk
12813.0,503,3,1687.8,1,3,4,134,13,at_risk
13800.0,311,3,1679.56,2,3,4,234,23,at_risk
12870.0,376,3,1676.95,2,3,4,234,23,at_risk
14831.0,681,3,1676.57,1,3,4,134,13,at_risk
16329.0,429,4,1664.92,1,4,4,144,14,at_risk
16625.0,276,5,1654.03,2,4,4,244,24,at_risk
13649.0,258,6,1651.48,2,4,4,244,24,at_risk
18085.0,331,4,1645.75,2,4,4,244,24,at_risk
13506.0,317,5,1639.2,2,4,4,244,24,at_risk
16256.0,268,3,1629.37,2,3,4,234,23,at_risk
13554.0,381,7,1629.35,2,4,4,244,24,at_risk
15167.0,322,5,1627.62,2,4,4,244,24,at_risk
13154.0,400,3,1624.84,2,3,4,234,23,at_risk
15422.0,324,7,1619.97,2,4,4,244,24,at_risk
16860.0,454,3,1610.62,1,3,4,134,13,at_risk
17814.0,376,2,1609.37,2,3,4,234,23,at_risk
14920.0,214,3,1607.17,2,3,4,234,23,at_risk
17853.0,408,3,1596.29,2,3,4,234,23,at_risk
13239.0,263,5,1594.69,2,4,4,244,24,at_risk
17028.0,582,3,1593.83,1,3,4,134,13,at_risk
13156.0,386,3,1586.54,2,3,4,234,23,at_risk
16096.0,265,4,1584.97,2,4,4,244,24,at_risk
13740.0,242,5,1582.77,2,4,4,244,24,at_risk
15279.0,356,5,1580.54,2,4,4,244,24,at_risk
13202.0,395,7,1580.3,2,4,4,244,24,at_risk
12549.0,577,6,1575.68,1,4,4,144,14,at_risk
14489.0,208,4,1574.93,2,3,4,234,23,at_risk
14136.0,402,5,1570.81,2,4,4,244,24,at_risk
13360.0,433,4,1553.65,1,3,4,134,13,at_risk
17851.0,423,6,1552.35,1,4,4,144,14,at_risk
14186.0,428,5,1550.63,1,4,4,144,14,at_risk
13783.0,489,4,1542.09,1,3,4,134,13,at_risk
15798.0,494,3,1535.37,1,3,4,134,13,at_risk
14695.0,520,3,1534.22,1,3,4,134,13,at_risk
17990.0,238,6,1527.6100000000001,2,4,4,244,24,at_risk
12926.0,412,4,1523.97,1,3,4,134,13,at_risk
14068.0,321,4,1516.72,2,3,4,234,23,at_risk
14220.0,248,4,1515.0,2,3,4,234,23,at_risk
17610.0,541,5,1511.94,1,4,4,144,14,at_risk
16037.0,271,5,1509.34,2,4,4,244,24,at_risk
18074.0,375,2,1509.04,2,3,4,234,23,at_risk
16714.0,220,4,1497.33,2,4,4,244,24,at_risk
15590.0,383,5,1496.6,2,4,4,244,24,at_risk
15882.0,200,8,1495.98,2,4,4,244,24,at_risk
15173.0,382,7,1494.6,2,4,4,244,24,at_risk
16314.0,391,3,1491.4,2,3,4,234,23,at_risk
13042.0,599,3,1488.59,1,3,4,134,13,at_risk
16586.0,250,3,1462.78,2,3,4,234,23,at_risk
17978.0,366,4,1460.9099999999999,2,4,4,244,24,at_risk
17582.0,237,5,1446.95,2,4,4,244,24,at_risk
18106.0,331,6,1441.06,2,4,4,244,24,at_risk
12805.0,383,4,1434.95,2,3,4,234,23,at_risk
12389.0,404,3,1433.33,2,3,4,234,23,at_risk
13475.0,192,4,1431.78,2,3,4,234,23,at_risk
18071.0,259,6,1428.63,2,4,4,244,24,at_risk
16980.0,256,3,1422.8300000000002,2,3,4,234,23,at_risk
17438.0,255,5,1422.77,2,4,4,244,24,at_risk
15223.0,227,5,1417.95,2,4,4,244,24,at_risk
17496.0,360,4,1412.89,2,4,4,244,24,at_risk
17714.0,322,5,1410.18,2,4,4,244,24,at_risk
16854.0,418,2,1408.96,1,3,4,134,13,at_risk
14909.0,438,3,1404.68,1,3,4,134,13,at_risk
12765.0,473,6,1404.58,1,4,4,144,14,at_risk
16926.0,372,5,1399.8600000000001,2,4,4,244,24,at_risk
18202.0,201,3,1396.99,2,3,4,234,23,at_risk
16129.0,408,3,1396.05,2,3,4,234,23,at_risk
15141.0,459,7,1388.47,1,4,4,144,14,at_risk
13382.0,282,5,1387.58,2,4,4,244,24,at_risk
16167.0,415,5,1386.1200000000001,1,4,4,144,14,at_risk
13074.0,512,4,1378.74,1,3,4,134,13,at_risk
16727.0,365,4,1377.77,2,4,4,244,24,at_risk
15580.0,378,8,1375.39,2,4,4,244,24,at_risk
17908.0,375,5,1374.5,2,4,4,244,24,at_risk
14316.0,423,5,1370.34,1,4,4,144,14,at_risk
16300.0,431,3,1367.32,1,3,4,134,13,at_risk
14114.0,275,7,1364.09,2,4,4,244,24,at_risk
15347.0,367,4,1363.6,2,3,4,234,23,at_risk
16588.0,387,4,1361.28,2,4,4,244,24,at_risk
17150.0,378,6,1357.95,2,4,4,244,24,at_risk
14320.0,208,5,1346.75,2,4,4,244,24,at_risk
17499.0,291,2,1341.39,2,3,4,234,23,at_risk
12591.0,318,3,1338.95,2,3,4,234,23,at_risk
13803.0,256,3,1338.91,2,3,4,234,23,at_risk
12960.0,415,4,1322.07,1,3,4,134,13,at_risk
13497.0,284,6,1320.33,2,4,4,244,24,at_risk
16296.0,627,4,1313.67,1,4,4,144,14,at_risk
16756.0,216,7,1312.3700000000001,2,4,4,244,24,at_risk
12639.0,240,3,1312.37,2,3,4,234,23,at_risk
13855.0,502,4,1310.3400000000001,1,3,4,134,13,at_risk
16282.0,341,3,1307.58,2,3,4,234,23,at_risk
16894.0,503,3,1306.96,1,3,4,134,13,at_risk
16943.0,213,5,1299.49,2,4,4,244,24,at_risk
14479.0,255,4,1299.11,2,3,4,234,23,at_risk
18286.0,478,2,1296.43,1,3,4,134,13,at_risk
13440.0,424,7,1295.25,1,4,4,144,14,at_risk
14679.0,383,3,1289.44,2,3,4,234,23,at_risk
14821.0,368,7,1278.95,2,4,4,244,24,at_risk
14478.0,383,4,1276.66,2,3,4,234,23,at_risk
13916.0,465,4,1275.81,1,3,4,134,13,at_risk
17142.0,240,4,1275.25,2,4,4,244,24,at_risk
13443.0,450,6,1273.16,1,4,4,144,14,at_risk
17478.0,409,2,1272.8,2,3,4,234,23,at_risk
15439.0,406,4,1269.05,2,3,4,234,23,at_risk
17531.0,191,3,1266.82,2,3,4,234,23,at_risk
17635.0,425,3,1265.58,1,3,4,134,13,at_risk
13065.0,374,5,1260.91,2,4,4,244,24,at_risk
17343.0,356,6,1259.94,2,4,4,244,24,at_risk
12402.0,324,6,1256.9,2,4,4,244,24,at_risk
17862.0,325,4,1254.89,2,4,4,244,24,at_risk
15064.0,411,4,1254.41,2,3,4,234,23,at_risk
15441.0,397,3,1254.21,2,3,4,234,23,at_risk
17529.0,611,2,1240.25,1,3,4,134,13,at_risk
13863.0,249,4,1239.55,2,3,4,234,23,at_risk
13201.0,503,4,1233.06,1,3,3,133,13,at_risk
12605.0,377,4,1232.95,2,3,3,233,23,at_risk
16159.0,283,4,1232.79,2,4,3,243,24,at_risk
13019.0,380,6,1229.95,2,4,3,243,24,at_risk
17342.0,381,4,1227.54,2,4,3,243,24,at_risk
12866.0,284,3,1227.35,2,3,3,233,23,at_risk
17456.0,366,2,1225.42,2,3,3,233,23,at_risk
15303.0,291,3,1224.18,2,3,3,233,23,at_risk
16946.0,384,5,1222.04,2,4,3,243,24,at_risk
17132.0,453,2,1220.9099999999999,1,3,3,133,13,at_risk
14430.0,513,3,1220.9,1,3,3,133,13,at_risk
13243.0,204,5,1220.38,2,4,3,243,24,at_risk
13299.0,269,3,1218.7,2,3,3,233,23,at_risk
13304.0,352,4,1217.99,2,3,3,233,23,at_risk
15661.0,318,8,1215.95,2,4,3,243,24,at_risk
15377.0,384,4,1211.75,2,3,3,233,23,at_risk
15600.0,429,4,1199.31,1,3,3,133,13,at_risk
17713.0,383,4,1198.09,2,4,3,243,24,at_risk
16307.0,430,3,1194.92,1,3,3,133,13,at_risk
13723.0,218,6,1194.08,2,4,3,243,24,at_risk
13293.0,393,6,1192.94,2,4,3,243,24,at_risk
16306.0,215,7,1192.82,2,4,3,243,24,at_risk
13976.0,208,4,1192.36,2,3,3,233,23,at_risk
16471.0,276,4,1189.98,2,4,3,243,24,at_risk
17239.0,314,4,1189.45,2,4,3,243,24,at_risk
14275.0,397,6,1189.3799999999999,2,4,3,243,24,at_risk
18057.0,394,3,1188.46,2,3,3,233,23,at_risk
18060.0,409,2,1185.46,2,3,3,233,23,at_risk
14206.0,240,3,1185.01,2,3,3,233,23,at_risk
15259.0,514,4,1182.3799999999999,1,3,3,133,13,at_risk
17021.0,443,6,1182.22,1,4,3,143,14,at_risk
13797.0,438,3,1179.45,1,3,3,133,13,at_risk
17062.0,315,6,1179.14,2,4,3,243,24,at_risk
18025.0,381,6,1177.72,2,4,3,243,24,at_risk
17539.0,619,4,1176.84,1,4,3,143,14,at_risk
15210.0,226,3,1176.19,2,3,3,233,23,at_risk
14370.0,452,6,1175.78,1,4,3,143,14,at_risk
14693.0,266,7,1165.36,2,4,3,243,24,at_risk
17525.0,361,3,1161.9,2,3,3,233,23,at_risk
12972.0,415,4,1161.2,1,3,3,133,13,at_risk
16838.0,198,4,1159.61,2,4,3,243,24,at_risk
17127.0,430,5,1155.0300000000002,1,4,3,143,14,at_risk
13462.0,254,5,1153.85,2,4,3,243,24,at_risk
17477.0,614,2,1144.3,1,3,3,133,13,at_risk
17770.0,200,5,1143.27,2,4,3,243,24,at_risk
16521.0,416,3,1140.11,1,3,3,133,13,at_risk
15586.0,594,3,1139.1,1,3,3,133,13,at_risk
15879.0,405,4,1137.8,2,3,3,233,23,at_risk
13393.0,585,4,1131.45,1,3,3,133,13,at_risk
15695.0,268,4,1131.04,2,3,3,233,23,at_risk
17622.0,599,2,1130.21,1,3,3,133,13,at_risk
12373.0,312,3,1127.65,2,3,3,233,23,at_risk
17492.0,249,3,1122.42,2,3,3,233,23,at_risk
18218.0,212,4,1121.84,2,4,3,243,24,at_risk
13368.0,258,4,1121.5,2,3,3,233,23,at_risk
16769.0,261,4,1117.05,2,4,3,243,24,at_risk
14672.0,236,4,1113.14,2,3,3,233,23,at_risk
16702.0,416,4,1110.83,1,4,3,143,14,at_risk
13295.0,361,4,1101.97,2,3,3,233,23,at_risk
12785.0,365,3,1100.4,2,3,3,233,23,at_risk
14009.0,199,3,1099.91,2,3,3,233,23,at_risk
17137.0,417,6,1099.81,1,4,3,143,14,at_risk
17726.0,396,7,1092.06,2,4,3,243,24,at_risk
14199.0,219,4,1091.7,2,3,3,233,23,at_risk
14343.0,422,4,1079.66,1,3,3,133,13,at_risk
13567.0,429,4,1079.29,1,3,3,133,13,at_risk
17366.0,433,2,1077.24,1,3,3,133,13,at_risk
16048.0,374,4,1075.23,2,4,3,243,24,at_risk
16231.0,380,4,1074.47,2,4,3,243,24,at_risk
17871.0,206,5,1068.95,2,4,3,243,24,at_risk
17277.0,229,2,1065.3500000000001,2,3,3,233,23,at_risk
17421.0,387,3,1059.41,2,3,3,233,23,at_risk
14734.0,427,4,1056.42,1,3,3,133,13,at_risk
12791.0,375,6,1056.1100000000001,2,4,3,243,24,at_risk
16391.0,402,4,1052.26,2,4,3,243,24,at_risk
17578.0,219,7,1047.33,2,4,3,243,24,at_risk
14813.0,371,4,1041.79,2,3,3,233,23,at_risk
13613.0,454,5,1039.8500000000001,1,4,3,143,14,at_risk
12811.0,262,5,1033.9,2,4,3,243,24,at_risk
14248.0,319,3,1032.95,2,3,3,233,23,at_risk
16227.0,226,3,1027.22,2,3,3,233,23,at_risk
15887.0,408,3,1027.15,2,3,3,233,23,at_risk
15003.0,474,6,1027.03,1,4,3,143,14,at_risk
17310.0,388,2,1025.1,2,3,3,233,23,at_risk
17362.0,240,7,1024.04,2,4,3,243,24,at_risk
16787.0,399,4,1017.53,2,4,3,243,24,at_risk
12793.0,336,3,1017.33,2,3,3,233,23,at_risk
13641.0,642,5,1016.47,1,4,3,143,14,at_risk
13333.0,412,3,1015.74,1,3,3,133,13,at_risk
16623.0,247,4,1015.24,2,4,3,243,24,at_risk
14355.0,367,3,1014.45,2,3,3,233,23,at_risk
12410.0,310,3,1013.71,2,3,3,233,23,at_risk
13039.0,585,4,1010.73,1,3,3,133,13,at_risk
15771.0,605,3,1006.54,1,3,3,133,13,at_risk
16435.0,513,3,1003.0699999999999,1,3,3,133,13,at_risk
13857.0,394,6,1001.01,2,4,3,243,24,at_risk
13965.0,478,3,996.61,1,3,3,133,13,at_risk
16699.0,381,7,994.6,2,4,3,243,24,at_risk
15973.0,368,3,988.44,2,3,3,233,23,at_risk
16130.0,423,4,987.48,1,4,3,143,14,at_risk
13439.0,256,3,986.61,2,3,3,233,23,at_risk
15109.0,247,3,983.1,2,3,3,233,23,at_risk
14510.0,377,3,979.85,2,3,3,233,23,at_risk
14230.0,437,3,979.8000000000001,1,3,3,133,13,at_risk
14454.0,377,5,977.3,2,4,3,243,24,at_risk
12525.0,499,3,973.73,1,3,3,133,13,at_risk
14350.0,275,3,972.03,2,3,3,233,23,at_risk
13223.0,201,6,969.1200000000001,2,4,3,243,24,at_risk
16254.0,379,3,967.44,2,3,3,233,23,at_risk
15268.0,480,3,961.9000000000001,1,3,3,133,13,at_risk
16947.0,237,5,955.21,2,4,3,243,24,at_risk
12414.0,218,6,952.41,2,4,3,243,24,at_risk
14615.0,395,5,951.76,2,4,3,243,24,at_risk
17955.0,200,6,949.9,2,4,3,243,24,at_risk
14994.0,383,5,946.72,2,4,3,243,24,at_risk
17356.0,313,5,946.47,2,4,3,243,24,at_risk
17544.0,391,3,944.82,2,3,3,233,23,at_risk
17860.0,370,4,943.84,2,4,3,243,24,at_risk
16199.0,393,7,942.75,2,4,3,243,24,at_risk
17604.0,218,6,942.38,2,4,3,243,24,at_risk
14326.0,243,3,940.98,2,3,3,233,23,at_risk
16109.0,220,3,939.48,2,3,3,233,23,at_risk
14437.0,367,5,936.34,2,4,3,243,24,at_risk
17020.0,543,2,935.62,1,3,3,133,13,at_risk
16661.0,541,4,932.76,1,4,3,143,14,at_risk
14924.0,247,3,931.01,2,3,3,233,23,at_risk
15723.0,366,4,930.7,2,3,3,233,23,at_risk
13288.0,444,5,927.61,1,4,3,143,14,at_risk
16975.0,424,3,926.12,1,3,3,133,13,at_risk
12745.0,488,3,925.41,1,3,3,133,13,at_risk
17322.0,377,5,922.59,2,4,3,243,24,at_risk
17472.0,192,4,922.35,2,4,3,243,24,at_risk
14605.0,375,4,921.5600000000001,2,3,3,233,23,at_risk
17363.0,396,3,920.46,2,3,3,233,23,at_risk
12998.0,494,3,920.08,1,3,3,133,13,at_risk
13872.0,528,3,919.57,1,3,3,133,13,at_risk
14061.0,508,3,917.4300000000001,1,3,3,133,13,at_risk
14423.0,219,3,916.6099999999999,2,3,3,233,23,at_risk
14176.0,298,5,916.01,2,4,3,243,24,at_risk
14839.0,419,3,915.28,1,3,3,133,13,at_risk
14549.0,312,4,913.6,2,3,3,233,23,at_risk
16034.0,197,6,911.3199999999999,2,4,3,243,24,at_risk
16138.0,380,3,910.35,2,3,3,233,23,at_risk
15180.0,368,3,904.4300000000001,2,3,3,233,23,at_risk
17746.0,241,4,904.1800000000001,2,4,3,243,24,at_risk
17176.0,203,3,902.3199999999999,2,3,3,233,23,at_risk
14729.0,375,3,899.73,2,3,3,233,23,at_risk
16834.0,229,2,898.96,2,3,3,233,23,at_risk
17226.0,310,3,895.47,2,3,3,233,23,at_risk
14065.0,390,3,891.02,2,3,3,233,23,at_risk
16228.0,386,3,885.71,2,3,3,233,23,at_risk
18141.0,403,2,882.47,2,3,3,233,23,at_risk
16387.0,324,5,882.46,2,4,3,243,24,at_risk
17143.0,418,2,880.97,1,3,3,133,13,at_risk
15224.0,359,5,871.36,2,4,3,243,24,at_risk
17167.0,381,3,867.11,2,3,3,233,23,at_risk
13922.0,353,3,865.2,2,3,3,233,23,at_risk
17358.0,304,5,861.01,2,4,3,243,24,at_risk
13891.0,379,3,859.21,2,3,3,233,23,at_risk
15542.0,513,3,855.71,1,3,3,133,13,at_risk
17968.0,375,4,855.54,2,4,3,243,24,at_risk
14686.0,415,5,852.53,1,4,3,143,14,at_risk
15266.0,339,5,852.21,2,4,3,243,24,at_risk
13479.0,202,4,851.37,2,3,3,233,23,at_risk
17223.0,311,3,850.88,2,3,3,233,23,at_risk
18108.0,255,3,848.8100000000001,2,3,3,233,23,at_risk
14202.0,382,3,847.76,2,3,3,233,23,at_risk
15070.0,374,3,843.25,2,3,3,233,23,at_risk
17638.0,648,2,842.4,1,3,3,133,13,at_risk
16798.0,555,3,841.16,1,3,3,133,13,at_risk
18247.0,416,3,839.73,1,3,3,133,13,at_risk
17332.0,529,5,838.27,1,4,3,143,14,at_risk
13795.0,389,4,836.3,2,3,3,233,23,at_risk
15759.0,219,7,830.9300000000001,2,4,3,243,24,at_risk
15617.0,397,3,828.5500000000001,2,3,3,233,23,at_risk
17003.0,403,4,828.21,2,4,3,243,24,at_risk
15945.0,366,4,827.27,2,4,3,243,24,at_risk
17880.0,366,3,824.9200000000001,2,3,3,233,23,at_risk
14260.0,472,3,824.28,1,3,3,133,13,at_risk
15314.0,200,3,820.4499999999999,2,3,3,233,23,at_risk
17683.0,387,3,819.01,2,3,3,233,23,at_risk
14890.0,255,3,817.25,2,3,3,233,23,at_risk
14872.0,485,3,816.6,1,3,3,133,13,at_risk
14556.0,597,3,815.69,1,3,3,133,13,at_risk
16658.0,369,6,814.07,2,4,3,243,24,at_risk
17194.0,275,3,812.5,2,3,3,233,23,at_risk
17023.0,418,3,800.18,1,3,3,133,13,at_risk
13041.0,452,4,799.13,1,3,3,133,13,at_risk
17251.0,364,3,798.98,2,3,3,233,23,at_risk
15309.0,612,4,797.96,1,3,3,133,13,at_risk
17281.0,375,6,797.8499999999999,2,4,3,243,24,at_risk
16155.0,383,5,796.9,2,4,3,243,24,at_risk
17212.0,254,3,794.41,2,3,3,233,23,at_risk
16679.0,367,3,793.06,2,3,3,233,23,at_risk
16250.0,262,3,791.38,2,3,3,233,23,at_risk
13484.0,242,3,790.72,2,3,3,233,23,at_risk
17952.0,379,4,788.46,2,4,3,243,24,at_risk
13770.0,423,4,785.37,1,3,3,133,13,at_risk
13595.0,518,3,784.48,1,3,3,133,13,at_risk
13415.0,474,4,784.17,1,3,3,133,13,at_risk
13287.0,604,3,781.59,1,3,3,133,13,at_risk
15246.0,239,3,780.4,2,3,3,233,23,at_risk
17691.0,359,4,780.0500000000001,2,4,3,243,24,at_risk
13781.0,252,3,778.83,2,3,3,233,23,at_risk
15092.0,216,3,776.46,2,3,3,233,23,at_risk
17482.0,488,2,775.64,1,3,3,133,13,at_risk
16565.0,365,4,773.05,2,4,3,243,24,at_risk
17801.0,452,3,770.03,1,3,3,133,13,at_risk
15331.0,501,3,767.91,1,3,3,133,13,at_risk
14413.0,363,4,764.52,2,3,3,233,23,at_risk
16392.0,271,3,756.7,2,3,3,233,23,at_risk
14247.0,279,5,753.56,2,4,3,243,24,at_risk
13070.0,193,4,751.7,2,3,3,233,23,at_risk
16972.0,384,2,749.0,2,3,3,233,23,at_risk
14048.0,306,3,748.69,2,3,3,233,23,at_risk
14942.0,403,4,746.56,2,3,3,233,23,at_risk
17889.0,213,7,746.42,2,4,3,243,24,at_risk
18190.0,193,5,745.62,2,4,3,243,24,at_risk
14228.0,439,3,745.5,1,3,3,133,13,at_risk
15420.0,435,6,743.0,1,4,3,143,14,at_risk
14302.0,432,3,742.9000000000001,1,3,3,133,13,at_risk
18275.0,579,2,741.85,1,3,3,133,13,at_risk
13713.0,409,3,740.76,2,3,3,233,23,at_risk
17548.0,235,4,731.26,2,4,3,243,24,at_risk
17681.0,598,5,731.2,1,4,3,143,14,at_risk
13921.0,403,4,730.7,2,3,3,233,23,at_risk
13452.0,260,3,729.8,2,3,3,233,23,at_risk
17756.0,377,3,728.75,2,3,3,233,23,at_risk
17547.0,377,2,727.85,2,3,3,233,23,at_risk
17141.0,419,4,727.58,1,4,3,143,14,at_risk
17374.0,220,3,727.11,2,3,3,233,23,at_risk
18078.0,218,4,725.53,2,4,3,243,24,at_risk
13729.0,437,3,724.73,1,3,3,133,13,at_risk
12573.0,228,5,717.41,2,4,3,243,24,at_risk
13512.0,262,4,713.39,2,3,3,233,23,at_risk
13057.0,531,3,709.59,1,3,3,133,13,at_risk
17051.0,195,4,706.49,2,4,3,243,24,at_risk
14699.0,215,4,702.6,2,3,3,233,23,at_risk
16997.0,289,3,702.0,2,3,3,233,23,at_risk
17825.0,600,4,701.96,1,4,3,143,14,at_risk
13101.0,235,4,695.4,2,3,3,233,23,at_risk
12817.0,282,3,690.98,2,3,3,233,23,at_risk
17834.0,416,2,689.6700000000001,1,3,3,133,13,at_risk
15361.0,363,4,689.07,2,3,3,233,23,at_risk
13585.0,532,3,684.54,1,3,3,133,13,at_risk
15207.0,417,3,683.9200000000001,1,3,3,133,13,at_risk
12601.0,191,6,681.26,2,4,3,243,24,at_risk
18271.0,611,2,680.85,1,3,3,133,13,at_risk
13809.0,306,3,679.7,2,3,3,233,23,at_risk
17782.0,384,2,679.02,2,3,3,233,23,at_risk
14182.0,445,4,678.77,1,3,3,133,13,at_risk
16226.0,204,5,672.1700000000001,2,4,3,243,24,at_risk
15562.0,353,3,671.4300000000001,2,3,3,233,23,at_risk
15643.0,193,3,664.0,2,3,3,233,23,at_risk
16862.0,548,4,662.33,1,4,3,143,14,at_risk
14425.0,436,3,661.39,1,3,3,133,13,at_risk
17375.0,200,4,660.55,2,4,3,243,24,at_risk
13433.0,502,4,658.3199999999999,1,3,3,133,13,at_risk
15715.0,557,5,658.02,1,4,3,143,14,at_risk
14558.0,655,3,655.5,1,3,3,133,13,at_risk
16117.0,191,3,654.4,2,3,3,233,23,at_risk
13820.0,419,3,652.75,1,3,3,133,13,at_risk
12855.0,374,4,650.9399999999999,2,3,3,233,23,at_risk
13474.0,237,3,646.59,2,3,3,233,23,at_risk
17380.0,435,3,645.0,1,3,3,133,13,at_risk
17963.0,472,4,643.16,1,4,3,143,14,at_risk
15183.0,549,3,639.93,1,3,3,133,13,at_risk
12734.0,354,3,639.65,2,3,3,233,23,at_risk
17998.0,381,3,639.24,2,3,3,233,23,at_risk
16428.0,415,3,638.49,1,3,3,133,13,at_risk
17334.0,303,3,635.15,2,3,3,233,23,at_risk
13540.0,468,3,632.39,1,3,3,133,13,at_risk
18183.0,228,2,632.07,2,3,3,233,23,at_risk
14283.0,464,4,628.4399999999999,1,3,3,133,13,at_risk
16792.0,283,5,623.46,2,4,3,243,24,at_risk
16431.0,214,3,623.28,2,3,3,233,23,at_risk
17005.0,472,2,622.36,1,3,3,133,13,at_risk
14455.0,433,4,617.72,1,3,3,133,13,at_risk
17639.0,277,6,615.17,2,4,3,243,24,at_risk
16844.0,564,2,614.34,1,3,2,132,13,at_risk
14570.0,282,3,613.75,2,3,2,232,23,at_risk
17035.0,247,4,613.59,2,4,2,242,24,at_risk
13008.0,324,3,612.13,2,3,2,232,23,at_risk
17325.0,281,3,609.5699999999999,2,3,2,232,23,at_risk
15717.0,235,5,607.0,2,4,2,242,24,at_risk
17473.0,410,2,607.0,2,3,2,232,23,at_risk
17507.0,263,2,605.58,2,3,2,232,23,at_risk
17270.0,470,2,601.4499999999999,1,3,2,132,13,at_risk
17745.0,479,2,600.34,1,3,2,132,13,at_risk
17678.0,265,2,599.76,2,3,2,232,23,at_risk
15424.0,255,3,597.78,2,3,2,232,23,at_risk
15346.0,334,3,596.12,2,3,2,232,23,at_risk
17845.0,556,4,596.09,1,4,2,142,14,at_risk
17209.0,650,3,595.7,1,3,2,132,13,at_risk
13684.0,287,4,594.88,2,3,2,232,23,at_risk
14746.0,407,4,593.5,2,3,2,232,23,at_risk
17098.0,383,3,591.0699999999999,2,3,2,232,23,at_risk
15160.0,358,4,589.27,2,3,2,232,23,at_risk
15191.0,464,3,588.05,1,3,2,132,13,at_risk
17890.0,324,2,586.89,2,3,2,232,23,at_risk
17392.0,308,3,585.92,2,3,2,232,23,at_risk
12800.0,471,3,584.25,1,3,2,132,13,at_risk
14670.0,281,3,583.33,2,3,2,232,23,at_risk
15918.0,192,3,582.88,2,3,2,232,23,at_risk
17773.0,515,2,575.37,1,3,2,132,13,at_risk
13262.0,264,3,573.45,2,3,2,232,23,at_risk
15691.0,253,4,571.3,2,3,2,232,23,at_risk
13190.0,545,3,570.66,1,3,2,132,13,at_risk
14170.0,376,3,570.18,2,3,2,232,23,at_risk
18244.0,432,2,568.64,1,3,2,132,13,at_risk
13998.0,448,3,566.7,1,3,2,132,13,at_risk
17413.0,406,2,560.14,2,3,2,232,23,at_risk
18056.0,289,2,554.6,2,3,2,232,23,at_risk
15055.0,476,3,549.12,1,3,2,132,13,at_risk
13948.0,362,4,548.76,2,3,2,232,23,at_risk
18039.0,375,4,548.22,2,4,2,242,24,at_risk
15959.0,683,3,542.89,1,3,2,132,13,at_risk
13785.0,430,4,542.49,1,3,2,132,13,at_risk
16060.0,402,3,541.95,2,3,2,232,23,at_risk
17643.0,374,2,541.25,2,3,2,232,23,at_risk
17580.0,254,5,541.02,2,4,2,242,24,at_risk
17524.0,362,3,539.14,2,3,2,232,23,at_risk
15890.0,396,5,535.65,2,4,2,242,24,at_risk
13807.0,368,3,534.8,2,3,2,232,23,at_risk
16707.0,401,4,533.41,2,4,2,242,24,at_risk
16935.0,383,3,530.86,2,3,2,232,23,at_risk
15917.0,249,5,530.17,2,4,2,242,24,at_risk
18191.0,263,2,529.4,2,3,2,232,23,at_risk
14616.0,244,5,527.78,2,4,2,242,24,at_risk
16421.0,377,3,526.27,2,3,2,232,23,at_risk
12956.0,307,4,521.89,2,3,2,232,23,at_risk
14949.0,470,4,515.0,1,3,2,132,13,at_risk
18212.0,327,2,514.37,2,3,2,232,23,at_risk
12897.0,206,4,514.25,2,3,2,232,23,at_risk
18011.0,374,2,513.58,2,3,2,232,23,at_risk
12361.0,288,4,511.25,2,3,2,232,23,at_risk
15881.0,313,5,501.39000000000004,2,4,2,242,24,at_risk
18049.0,438,2,500.92,1,3,2,132,13,at_risk
17335.0,385,2,497.04,2,3,2,232,23,at_risk
17923.0,283,3,497.0,2,3,2,232,23,at_risk
15278.0,563,4,496.15999999999997,1,3,2,132,13,at_risk
16977.0,396,4,496.0,2,4,2,242,24,at_risk
17995.0,283,3,495.48,2,3,2,232,23,at_risk
15447.0,332,5,492.88,2,4,2,242,24,at_risk
17476.0,397,2,489.86,2,3,2,232,23,at_risk
17715.0,202,2,489.59999999999997,2,3,2,232,23,at_risk
18280.0,279,2,488.15000000000003,2,3,2,232,23,at_risk
17996.0,381,3,482.33,2,3,2,232,23,at_risk
15589.0,257,3,478.53000000000003,2,3,2,232,23,at_risk
14322.0,430,4,474.1,1,3,2,132,13,at_risk
13642.0,217,4,472.2,2,3,2,232,23,at_risk
17294.0,670,2,467.78999999999996,1,3,2,132,13,at_risk
17187.0,228,2,467.71,2,3,2,232,23,at_risk
16390.0,538,3,467.5,1,3,2,132,13,at_risk
14727.0,275,3,463.72999999999996,2,3,2,232,23,at_risk
13957.0,419,3,458.25,1,3,2,132,13,at_risk
12999.0,197,3,455.88,2,3,2,232,23,at_risk
17067.0,726,3,454.54,1,3,2,132,13,at_risk
12831.0,263,3,451.11,2,3,2,232,23,at_risk
13150.0,485,3,449.96999999999997,1,3,2,132,13,at_risk
17823.0,422,2,449.25,1,3,2,132,13,at_risk
18134.0,599,2,445.0,1,3,2,132,13,at_risk
12788.0,464,4,444.9,1,3,2,132,13,at_risk
17699.0,478,2,442.0,1,3,2,132,13,at_risk
17718.0,233,2,439.18,2,3,2,232,23,at_risk
17807.0,396,3,437.87,2,3,2,232,23,at_risk
15323.0,564,3,434.6,1,3,2,132,13,at_risk
14238.0,327,3,434.23,2,3,2,232,23,at_risk
16888.0,402,3,434.2,2,3,2,232,23,at_risk
16939.0,490,3,433.85,1,3,2,132,13,at_risk
13413.0,641,6,429.44,1,4,2,142,14,at_risk
17740.0,390,6,426.9,2,4,2,242,24,at_risk
16913.0,291,3,423.90999999999997,2,3,2,232,23,at_risk
13672.0,302,3,419.92,2,3,2,232,23,at_risk
13442.0,668,3,419.87,1,3,2,132,13,at_risk
15262.0,325,3,418.82,2,3,2,232,23,at_risk
17258.0,398,2,417.3,2,3,2,232,23,at_risk
16957.0,240,2,416.64,2,3,2,232,23,at_risk
16356.0,199,6,415.87,2,4,2,242,24,at_risk
13002.0,319,3,414.13,2,3,2,232,23,at_risk
17601.0,240,2,413.08,2,3,2,232,23,at_risk
17662.0,663,2,412.92,1,3,2,132,13,at_risk
18050.0,360,2,412.06,2,3,2,232,23,at_risk
15960.0,375,4,410.95,2,4,2,242,24,at_risk
16864.0,435,2,409.25,1,3,2,132,13,at_risk
17285.0,629,2,407.94,1,3,2,132,13,at_risk
17000.0,397,2,406.3,2,3,2,232,23,at_risk
17094.0,323,2,402.20000000000005,2,3,2,232,23,at_risk
15446.0,378,3,399.75,2,3,2,232,23,at_risk
17789.0,282,2,397.15,2,3,2,232,23,at_risk
17918.0,502,3,396.39,1,3,2,132,13,at_risk
16893.0,368,2,395.82,2,3,2,232,23,at_risk
16538.0,542,3,395.07,1,3,2,132,13,at_risk
18048.0,204,3,394.93,2,3,2,232,23,at_risk
17300.0,392,2,393.64,2,3,2,232,23,at_risk
17563.0,579,2,392.38,1,3,2,132,13,at_risk
16827.0,394,5,392.13,2,4,2,242,24,at_risk
18227.0,219,2,388.75,2,3,2,232,23,at_risk
14779.0,282,3,386.15,2,3,2,232,23,at_risk
13584.0,308,3,385.7,2,3,2,232,23,at_risk
12889.0,382,4,385.46000000000004,2,3,2,232,23,at_risk
12829.0,338,3,385.3,2,3,2,232,23,at_risk
17171.0,290,2,384.59,2,3,2,232,23,at_risk
16868.0,395,3,384.56,2,3,2,232,23,at_risk
17804.0,377,3,383.78000000000003,2,3,2,232,23,at_risk
12547.0,199,3,383.58,2,3,2,232,23,at_risk
17753.0,465,4,382.06,1,4,2,142,14,at_risk
17393.0,412,2,381.15,1,3,2,132,13,at_risk
12651.0,336,4,377.75,2,3,2,232,23,at_risk
16544.0,521,4,376.70000000000005,1,4,2,142,14,at_risk
14353.0,216,3,376.5,2,3,2,232,23,at_risk
13997.0,520,3,376.46,1,3,2,132,13,at_risk
17912.0,311,6,374.55,2,4,2,242,24,at_risk
17810.0,670,2,373.16,1,3,2,132,13,at_risk
17245.0,206,2,371.63,2,3,2,232,23,at_risk
14172.0,606,3,369.02,1,3,2,132,13,at_risk
17792.0,468,2,368.35,1,3,2,132,13,at_risk
14962.0,272,4,366.91,2,3,2,232,23,at_risk
16974.0,524,2,365.5,1,3,2,132,13,at_risk
16378.0,248,3,362.95,2,3,2,232,23,at_risk
14122.0,407,3,362.42,2,3,2,232,23,at_risk
17945.0,698,3,360.35,1,3,2,132,13,at_risk
17200.0,388,4,356.71,2,4,2,242,24,at_risk
12845.0,268,4,354.09,2,3,2,232,23,at_risk
17577.0,646,2,348.75,1,3,2,132,13,at_risk
17780.0,668,3,346.56,1,3,2,132,13,at_risk
16990.0,220,2,344.0,2,3,2,232,23,at_risk
13187.0,338,4,341.36,2,3,2,232,23,at_risk
16259.0,411,3,340.94,2,3,2,232,23,at_risk
17542.0,271,3,340.85,2,3,2,232,23,at_risk
17967.0,373,2,335.69,2,3,2,232,23,at_risk
16234.0,477,3,333.18,1,3,2,132,13,at_risk
17776.0,388,2,330.56,2,3,2,232,23,at_risk
17518.0,427,2,329.42,1,3,2,132,13,at_risk
18047.0,382,2,326.09,2,3,2,232,23,at_risk
17182.0,424,2,321.3,1,3,2,132,13,at_risk
15869.0,278,3,321.11,2,3,2,232,23,at_risk
17843.0,304,2,320.4,2,3,2,232,23,at_risk
16436.0,669,3,319.14,1,3,2,132,13,at_risk
17689.0,389,2,317.08,2,3,2,232,23,at_risk
15873.0,501,4,313.91999999999996,1,3,2,132,13,at_risk
12665.0,326,3,313.6,2,3,2,232,23,at_risk
17326.0,409,2,312.35,2,3,2,232,23,at_risk
15724.0,202,3,310.85,2,3,2,232,23,at_risk
17556.0,207,2,300.67,2,3,2,232,23,at_risk
17991.0,226,3,300.3,2,3,2,232,23,at_risk
17766.0,382,2,299.61,2,3,2,232,23,at_risk
13346.0,464,6,299.4,1,4,2,142,14,at_risk
17882.0,380,2,291.56,2,3,2,232,23,at_risk
16897.0,300,2,289.78,2,3,2,232,23,at_risk
17501.0,222,2,288.6,2,3,1,231,23,at_risk
17497.0,391,2,287.25,2,3,1,231,23,at_risk
16890.0,478,3,285.41,1,3,1,131,13,at_risk
15354.0,604,3,284.4,1,3,1,131,13,at_risk
13679.0,495,3,281.26,1,3,1,131,13,at_risk
13399.0,465,3,275.4,1,3,1,131,13,at_risk
17292.0,473,2,271.75,1,3,1,131,13,at_risk
17278.0,242,2,271.24,2,3,1,231,23,at_risk
17808.0,550,4,262.64,1,4,1,141,14,at_risk
16911.0,637,2,255.25,1,3,1,131,13,at_risk
18002.0,377,4,244.37,2,4,1,241,24,at_risk
17185.0,593,3,229.46,1,3,1,131,13,at_risk
15591.0,584,3,217.9,1,3,1,131,13,at_risk
18021.0,511,2,216.41,1,3,1,131,13,at_risk
17217.0,235,2,210.1,2,3,1,231,23,at_risk
17484.0,577,2,209.57,1,3,1,131,13,at_risk
16964.0,734,2,207.85,1,3,1,131,13,at_risk
13133.0,275,3,200.45000000000002,2,3,1,231,23,at_risk
17184.0,570,2,198.41000000000003,1,3,1,131,13,at_risk
17065.0,639,2,194.7,1,3,1,131,13,at_risk
15729.0,214,3,192.55,2,3,1,231,23,at_risk
17257.0,437,2,189.78,1,3,1,131,13,at_risk
18063.0,392,2,186.60000000000002,2,3,1,231,23,at_risk
15359.0,664,8,181.35,1,4,1,141,14,at_risk
17170.0,375,2,178.68,2,3,1,231,23,at_risk
15684.0,548,3,173.95,1,3,1,131,13,at_risk
17327.0,411,2,152.35,2,3,1,231,23,at_risk
17946.0,234,2,149.57999999999998,2,3,1,231,23,at_risk
15283.0,391,3,148.33,2,3,1,231,23,at_risk
17794.0,688,2,147.3,1,3,1,131,13,at_risk
18137.0,552,2,145.99,1,3,1,131,13,at_risk
16840.0,604,2,139.85,1,3,1,131,13,at_risk
17847.0,517,2,129.69,1,3,1,131,13,at_risk
17900.0,191,2,112.19999999999999,2,3,1,231,23,at_risk
17741.0,408,2,101.1,2,3,1,231,23,at_risk
17763.0,264,4,86.15,2,4,1,241,24,at_risk
17916.0,630,2,43.87,1,3,1,131,13,at_risk
17246.0,548,2,38.92,1,3,1,131,13,at_risk
